File ID	File Name	Data Category	Data Type	Project ID	Case ID	Sample ID	Sample Type
5335783c-b381-47e2-b19a-03a5ff216743	29ec889a-6fef-40d9-9a6c-570e61c25d0b.rna_seq.augmented_star_gene_counts.tsv	Transcriptome Profiling	Gene Expression Quantification	CPTAC-2	22BR005	12110cb8-8da4-4461-ac1a-1af490	Primary Tumor
f9cddd25-ea31-4938-aea0-c1dae2937062	b7e3fbe6-1ece-4bbb-9d50-222daafe0e34.rna_seq.augmented_star_gene_counts.tsv	Transcriptome Profiling	Gene Expression Quantification	CPTAC-2	05BR001	55d3d4bb-0bf5-4b4e-8ef8-d77a5d	Primary Tumor
b6dceb3c-5fb6-418f-8f14-b89e2dc6c07e	a9972ef0-7002-463a-bc65-c59c6d50ac59.rna_seq.augmented_star_gene_counts.tsv	Transcriptome Profiling	Gene Expression Quantification	CPTAC-2	18BR002	fe591474-99d7-44d3-be73-c3b8ed	Primary Tumor
26fdf8ca-bbf9-4fcd-ac1f-fc1405d84ee7	b29b00ab-501a-4797-babc-6628eba5f501.rna_seq.augmented_star_gene_counts.tsv	Transcriptome Profiling	Gene Expression Quantification	CPTAC-2	11BR018	855256a7-e41e-4158-b02f-ba61a9	Primary Tumor
4d168c4f-7599-49fb-b003-bf66e304b0ae	edeeefbe-8d5f-46a2-a75c-549688de51ae.rna_seq.augmented_star_gene_counts.tsv	Transcriptome Profiling	Gene Expression Quantification	CPTAC-2	11BR022	da3d7876-ca79-4f21-a00e-27e6b6	Primary Tumor
5611d25e-02e9-4544-b7f3-f5baf39fc893	8dabfed6-1eb1-4915-8203-66093d2cf43f.rna_seq.augmented_star_gene_counts.tsv	Transcriptome Profiling	Gene Expression Quantification	CPTAC-2	09BR004	cfc121b5-9562-4a6d-b792-3cd6d5	Primary Tumor
84b8ee01-a87c-4195-b803-455639d8f185	238ce745-a5f9-4f2e-a9c6-4e353d72bbeb.rna_seq.augmented_star_gene_counts.tsv	Transcriptome Profiling	Gene Expression Quantification	CPTAC-2	11BR042	a176fcc2-97b5-45c3-a0f3-3b2e41	Primary Tumor
f670b660-4b9e-48a9-8ebf-2fa4fd866e4d	136e782c-cfa4-450a-8ed7-55a1d610c12c.rna_seq.augmented_star_gene_counts.tsv	Transcriptome Profiling	Gene Expression Quantification	CPTAC-2	01BR023	CPT008732	Primary Tumor
35ca5241-e8fa-4fb5-8776-1fa7967f6cb4	085415a5-37c0-456e-89aa-2c7c4e1230ab.rna_seq.augmented_star_gene_counts.tsv	Transcriptome Profiling	Gene Expression Quantification	CPTAC-2	11BR038	4e766d9f-ede3-4311-bf09-b1f9ba	Primary Tumor
19e7d05e-edc9-4a54-9492-920421054cec	ad3dbcd4-b766-47c0-8c57-007392299aa0.rna_seq.augmented_star_gene_counts.tsv	Transcriptome Profiling	Gene Expression Quantification	CPTAC-2	11BR024	9efd41a5-3db1-445b-accb-040c2b	Primary Tumor
8a73d2b9-e7a1-4f9f-94d1-8d8f925f9c7d	5619c1e7-4b0d-4815-8538-fd64cecd50d8.rna_seq.augmented_star_gene_counts.tsv	Transcriptome Profiling	Gene Expression Quantification	CPTAC-2	20BR005	2f398497-d53e-4838-8006-d60f3e	Primary Tumor
6b2b7abd-6ffe-44b2-b4b5-6d8120b7a718	749da78c-968f-4682-a2fa-5c82ce35a98d.rna_seq.augmented_star_gene_counts.tsv	Transcriptome Profiling	Gene Expression Quantification	CPTAC-2	01BR009	CPT008752	Primary Tumor
941d292b-674b-4a25-ae5c-443a9941c0c8	a474e5eb-bd87-4a5f-91aa-d3c350ec44d5.rna_seq.augmented_star_gene_counts.tsv	Transcriptome Profiling	Gene Expression Quantification	CPTAC-2	05BR029	1dbc76a2-76bf-44fb-8663-923093	Primary Tumor
36b3c6ff-83fa-4226-ba91-13c73c83f83c	9c38cc51-ac3b-4ae0-afe3-4d76f001ae8e.rna_seq.augmented_star_gene_counts.tsv	Transcriptome Profiling	Gene Expression Quantification	CPTAC-2	16BR012	7557b796-f11c-4077-a1af-b249c8	Primary Tumor
e37b6495-bb44-4c2a-866a-a58eab496faf	7b7eb959-7d58-48bc-8da3-6e4dad9a8ac5.rna_seq.augmented_star_gene_counts.tsv	Transcriptome Profiling	Gene Expression Quantification	CPTAC-2	03BR005	96c95de1-514b-44a5-b487-dc390b	Primary Tumor
0feb0960-4caa-418f-a778-3095aaa965d8	0f28a25e-ba92-4279-869d-b641e2f5c72b.rna_seq.augmented_star_gene_counts.tsv	Transcriptome Profiling	Gene Expression Quantification	CPTAC-2	05BR026	d1e36453-8d78-4247-8c3c-3b2a6f	Primary Tumor
1130a47b-ceab-4221-94ab-8eee91d9118f	e30b64b2-4646-4406-8f2a-8805544c0407.rna_seq.augmented_star_gene_counts.tsv	Transcriptome Profiling	Gene Expression Quantification	CPTAC-2	100004028	CPT000819	Primary Tumor
869266fd-d8fd-40ce-8d93-1ee07c1a7b4d	c18e524d-4a68-4fc2-9a21-83ee8a762aa8.rna_seq.augmented_star_gene_counts.tsv	Transcriptome Profiling	Gene Expression Quantification	CPTAC-2	11BR056	e45c73a8-da96-4269-a039-d43942	Primary Tumor
cfc95376-02e4-4d14-99eb-672416841b29	b2535571-da19-413f-a979-5c388399e619.rna_seq.augmented_star_gene_counts.tsv	Transcriptome Profiling	Gene Expression Quantification	CPTAC-2	11BR003	2dc74c29-2e89-4600-80bf-1e3637	Primary Tumor
caa25eac-982b-4098-b3fd-c0f657d9f046	957af4f0-2ef9-4ade-9d4b-beeadb985d0f.rna_seq.augmented_star_gene_counts.tsv	Transcriptome Profiling	Gene Expression Quantification	CPTAC-2	05BR058	CPT000432	Primary Tumor
33bdb754-7431-4b82-8140-ec66b5058bc3	dddabbdc-a8b0-4571-820d-ed39781cebed.rna_seq.augmented_star_gene_counts.tsv	Transcriptome Profiling	Gene Expression Quantification	CPTAC-2	11BR072	59318d66-8b88-45b2-9b97-90e9a7	Primary Tumor
c75ff4f6-42d1-422a-aa41-23a2cb8ba15c	435866be-7544-48cc-954f-17748e1580c0.rna_seq.augmented_star_gene_counts.tsv	Transcriptome Profiling	Gene Expression Quantification	CPTAC-2	11BR054	b10c7b72-1d44-4668-a637-a536b2	Primary Tumor
500b822b-1102-4be2-9950-d9ade03474a1	5daba4f6-7fa2-4a5d-923b-66148ca7a7e8.rna_seq.augmented_star_gene_counts.tsv	Transcriptome Profiling	Gene Expression Quantification	CPTAC-2	11BR069	07c4bb93-a373-4748-a2c7-5806cb	Primary Tumor
8dcac4b9-2f7e-4208-a940-7325275613b9	c5b72fde-2cf0-4dbc-8cde-41840080d542.rna_seq.augmented_star_gene_counts.tsv	Transcriptome Profiling	Gene Expression Quantification	CPTAC-2	14BR005	2386c36d-8d5d-4fd4-bbfa-39cc8d	Primary Tumor
f4dda08d-b8e2-405d-af0d-685bfc7d134d	64e4c231-1793-44a8-8e80-b050658b42d6.rna_seq.augmented_star_gene_counts.tsv	Transcriptome Profiling	Gene Expression Quantification	CPTAC-2	05BR042	8ab1a564-9a18-43bf-aee3-7fceb0	Primary Tumor
40d867ea-3f9b-4c44-8fae-d8bacc7aa06b	f3f750a9-5492-4d70-927a-0b091fea2f69.rna_seq.augmented_star_gene_counts.tsv	Transcriptome Profiling	Gene Expression Quantification	CPTAC-2	11BR017	241c8dec-b317-4794-8cc2-07c14c	Primary Tumor
00997ac4-8cc4-4c90-a2ab-d4a36068faf0	4dc10240-c4ca-4b92-866b-af1542575fc8.rna_seq.augmented_star_gene_counts.tsv	Transcriptome Profiling	Gene Expression Quantification	CPTAC-2	14BR014	d1034660-11ce-4e38-9ad0-8b9b72	Primary Tumor
1bd6c83b-8862-4ebd-b9f6-b77da318c3ae	3692f9df-5b70-4cfb-a504-ed2cb4164ac3.rna_seq.augmented_star_gene_counts.tsv	Transcriptome Profiling	Gene Expression Quantification	CPTAC-2	11BR059	fc0aa1e4-c1d8-43ed-a5cd-038f61	Primary Tumor
342704d4-8c63-4d8c-998d-42d0b7ac226c	5f173a3c-89f0-41c9-bbd8-5256a0489d4e.rna_seq.augmented_star_gene_counts.tsv	Transcriptome Profiling	Gene Expression Quantification	CPTAC-2	11BR050	d8a5467b-549b-48ed-9ae5-c9c39d	Primary Tumor
c688eec0-521a-452c-935c-c6a25137b9bb	ea6ae785-68fc-435e-8c7b-c09682c018d3.rna_seq.augmented_star_gene_counts.tsv	Transcriptome Profiling	Gene Expression Quantification	CPTAC-2	05BR005	c6e0280a-f739-474e-9bcd-821221	Primary Tumor
c36845ad-fabb-45a8-a685-ef4e458008e7	49379b08-1e67-4666-88d6-2791428b9d62.rna_seq.augmented_star_gene_counts.tsv	Transcriptome Profiling	Gene Expression Quantification	CPTAC-2	18BR016	3bbf4310-6a83-4d3b-8772-a5dbb6	Primary Tumor
1f24be7a-d89b-4d68-8f77-b9f5a97f7653	1783266a-bcae-4f80-856c-dafc23b65006.rna_seq.augmented_star_gene_counts.tsv	Transcriptome Profiling	Gene Expression Quantification	CPTAC-2	11BR015	cab796c6-0129-43cf-bd27-7da395	Primary Tumor
8b0250e2-2e7a-4a05-a9bf-2f4f2c1cfbcd	17c51f0c-6347-4fb4-ae8c-e7933b605b7e.rna_seq.augmented_star_gene_counts.tsv	Transcriptome Profiling	Gene Expression Quantification	CPTAC-2	01BR042	4df35993-eab6-4289-822c-d77da9	Primary Tumor
0a060993-3071-493a-aafc-c5566952c306	89b5ed3c-3a44-4e0b-8258-02290c6c5abe.rna_seq.augmented_star_gene_counts.tsv	Transcriptome Profiling	Gene Expression Quantification	CPTAC-2	11BR016	a7d58d61-5049-488f-9d0a-0a4411	Primary Tumor
05b2916c-33f2-4434-8caf-31ec72deba8b	fcdc30f9-f2d0-4fe9-93f7-fe3ca91e826c.rna_seq.augmented_star_gene_counts.tsv	Transcriptome Profiling	Gene Expression Quantification	CPTAC-2	03BR010	49f55bd6-a89a-4d18-b732-139c3d	Primary Tumor
7c1ae8c5-7d2f-4dc6-8095-595170e18ef8	7d207f6d-7de9-40db-8f06-0ba1ce1314e2.rna_seq.augmented_star_gene_counts.tsv	Transcriptome Profiling	Gene Expression Quantification	CPTAC-2	01BR033	3329b802-e49f-4494-b645-868a25	Primary Tumor
8f9bdc08-4bf2-4d54-9e5d-785c98b53c1b	a7581a96-0b0f-4ff5-834f-57169c26ac10.rna_seq.augmented_star_gene_counts.tsv	Transcriptome Profiling	Gene Expression Quantification	CPTAC-2	1488	CPT000815	Primary Tumor
215df61b-4716-472d-a4d1-c3c892794930	4ce4d688-ce22-43bf-817b-393ee751da34.rna_seq.augmented_star_gene_counts.tsv	Transcriptome Profiling	Gene Expression Quantification	CPTAC-2	11BR030	63a05d68-f0f7-42d9-a45f-df0f7e	Primary Tumor
238c5d80-b1f3-4838-9523-cdb0db4f8c62	8256500e-ea1f-487e-9b69-7e6f6c992334.rna_seq.augmented_star_gene_counts.tsv	Transcriptome Profiling	Gene Expression Quantification	CPTAC-2	11BR028	3b177fd6-e7d2-4312-bec7-4a253d	Primary Tumor
1d45815b-4128-4a12-a743-254f2e0e9059	ba0570bd-508d-4b93-b147-365af6a86241.rna_seq.augmented_star_gene_counts.tsv	Transcriptome Profiling	Gene Expression Quantification	CPTAC-2	05BR045	92862537-5f30-47db-a3e2-cc9d0c	Primary Tumor
aa4299bc-6875-4151-9b99-f382b2f2772a	4ebec7e0-8377-4c46-b153-d7b084aa7cab.rna_seq.augmented_star_gene_counts.tsv	Transcriptome Profiling	Gene Expression Quantification	CPTAC-2	05BR004	CPT008755	Primary Tumor
f95c7316-0bd3-4bef-8dec-8147a8993aff	2d5c7af9-63ae-4461-847a-79d379cb59f6.rna_seq.augmented_star_gene_counts.tsv	Transcriptome Profiling	Gene Expression Quantification	CPTAC-2	05BR009	48d1b543-dbf6-4594-b34a-d0e30a	Primary Tumor
81bd3822-ed31-40df-a016-7dba692bb467	116b9b65-ffc3-4cd6-8a08-aa3e28f76269.rna_seq.augmented_star_gene_counts.tsv	Transcriptome Profiling	Gene Expression Quantification	CPTAC-2	18BR009	5c9ee07a-ca8f-49bf-9c03-2dc513	Primary Tumor
766e40a6-91b9-4b1e-9112-6b03e8a1ac42	fb9b328b-eaa7-4372-9444-fc75fbf8a0c5.rna_seq.augmented_star_gene_counts.tsv	Transcriptome Profiling	Gene Expression Quantification	CPTAC-2	11BR031	3fdf0dbe-e05c-465f-8bed-4a92dd	Primary Tumor
16fc3906-0376-4326-9f05-b4569063b115	b1aeced1-1b77-41ac-92ee-189f94c1650f.rna_seq.augmented_star_gene_counts.tsv	Transcriptome Profiling	Gene Expression Quantification	CPTAC-2	11BR049	2e700669-85b0-43fa-a9c7-3eaf5a	Primary Tumor
6073d392-98af-4547-a2f5-78d1e7d2dafb	f6591087-c0c2-4afb-949e-cba3689cb3ca.rna_seq.augmented_star_gene_counts.tsv	Transcriptome Profiling	Gene Expression Quantification	CPTAC-2	01BR001	17d55745-4ab3-4a80-a182-af938b	Primary Tumor
3522be45-6468-4b93-8780-640e67409769	4b987a90-4779-4930-9206-69ea483acbac.rna_seq.augmented_star_gene_counts.tsv	Transcriptome Profiling	Gene Expression Quantification	CPTAC-2	18BR019	0edcba67-0714-4b04-b433-77834e	Primary Tumor
3af9834e-d284-40c5-bce5-c5ff59ac9983	b5b99dc0-b9e7-4b80-89cd-f42e9b2ed710.rna_seq.augmented_star_gene_counts.tsv	Transcriptome Profiling	Gene Expression Quantification	CPTAC-2	11BR074	12ce8313-6c54-4bee-a996-1aa7f8	Primary Tumor
27040011-7f52-4d1f-96d9-b8d75986afc0	f18e4f29-844f-4cec-ad36-0ebe9491ed3d.rna_seq.augmented_star_gene_counts.tsv	Transcriptome Profiling	Gene Expression Quantification	CPTAC-2	01BR008	CPT008733	Primary Tumor
f340e45e-821e-4352-8756-386c01f42771	de6ffb0a-19a8-46c2-9a45-1e2ea082ee86.rna_seq.augmented_star_gene_counts.tsv	Transcriptome Profiling	Gene Expression Quantification	CPTAC-2	11BR080	2ddefa4f-77aa-416f-93f3-904e07	Primary Tumor
959b1d82-b8bd-469e-8d04-d0278c1def10	06c5f033-20a4-4829-b832-573bafc9b80c.rna_seq.augmented_star_gene_counts.tsv	Transcriptome Profiling	Gene Expression Quantification	CPTAC-2	11BR075	5504c643-4a9c-4ec4-ab07-bebdaf	Primary Tumor
abddbc1f-3227-479d-b68f-406dd9eab12e	d43d749c-eea4-4467-a1c9-751923cefbc6.rna_seq.augmented_star_gene_counts.tsv	Transcriptome Profiling	Gene Expression Quantification	CPTAC-2	20BR006	3f52e236-1daa-4aa0-9a77-e3d043	Primary Tumor
bb933466-b36a-4952-a372-54e09362c0c7	a739e3ff-f172-4f9c-94b6-b9fcc4458627.rna_seq.augmented_star_gene_counts.tsv	Transcriptome Profiling	Gene Expression Quantification	CPTAC-2	21BR002	CPT008750	Primary Tumor
46bdffdd-d8b3-4aa9-a36c-5b695c41aacb	fc6e0c8a-46a8-4cfc-b824-8181a8984072.rna_seq.augmented_star_gene_counts.tsv	Transcriptome Profiling	Gene Expression Quantification	CPTAC-2	21BR010	68ef4aa9-00b0-4528-8828-4d3e43	Primary Tumor
c659dd7a-68c3-4e7c-8b67-cda1f2fc518a	f1c423bc-6155-4cfb-8cc8-a98ccd97bd2e.rna_seq.augmented_star_gene_counts.tsv	Transcriptome Profiling	Gene Expression Quantification	CPTAC-2	05BR016	3f957017-d081-45f4-b458-ec3f8d	Primary Tumor
defbfeb5-42ac-4bc7-b323-6dbba32a1bd7	b89bc06f-91ca-4dd7-834d-87bb730048cd.rna_seq.augmented_star_gene_counts.tsv	Transcriptome Profiling	Gene Expression Quantification	CPTAC-2	11BR006	4798bb9d-7100-43aa-b615-85897d	Primary Tumor
f7321879-7450-4584-9730-e07477f41950	4f1c4f93-7ce5-4348-82b4-20bf6bd178c4.rna_seq.augmented_star_gene_counts.tsv	Transcriptome Profiling	Gene Expression Quantification	CPTAC-2	03BR004	4683de9c-49ca-4ddd-9d1a-be8121	Primary Tumor
57bda069-93ee-4614-b64e-fbf7c91aa1fe	4a9a8be4-1c11-4c8b-b943-77e122513731.rna_seq.augmented_star_gene_counts.tsv	Transcriptome Profiling	Gene Expression Quantification	CPTAC-2	20BR007	547f521a-5851-426c-a125-d9d82c	Primary Tumor
2e127ae7-9706-4d43-bfe3-1d2f943b0f05	0fdef70f-2ab5-4a89-a24d-9706807f475a.rna_seq.augmented_star_gene_counts.tsv	Transcriptome Profiling	Gene Expression Quantification	CPTAC-2	01BR040	4a25e3da-2226-4e23-a595-c11709	Primary Tumor
286502d3-768b-4bf9-8a50-e7c0fbdb0637	4cb87d16-3196-4e80-a0b9-ba1a3907fe18.rna_seq.augmented_star_gene_counts.tsv	Transcriptome Profiling	Gene Expression Quantification	CPTAC-2	11BR011	bc9fe67f-c4a2-43ba-87bd-438bda	Primary Tumor
9009b638-490e-4b93-ba41-c07c15214d4c	b6689457-11c5-4930-b8f6-ebb578c36478.rna_seq.augmented_star_gene_counts.tsv	Transcriptome Profiling	Gene Expression Quantification	CPTAC-2	21BR001	CPT008914	Primary Tumor
801a1085-7b74-4ce7-9c63-79c17a6e3e1c	aeb6046b-c9fe-4e8e-8a36-6ebb257f0850.rna_seq.augmented_star_gene_counts.tsv	Transcriptome Profiling	Gene Expression Quantification	CPTAC-2	06BR003	31b13596-554e-452f-91a4-7e67a8	Primary Tumor
b97d4cd2-7992-4fbf-86b6-e0b9c98539e4	e95dbce1-6923-419c-b344-b198a71a079f.rna_seq.augmented_star_gene_counts.tsv	Transcriptome Profiling	Gene Expression Quantification	CPTAC-2	18BR004	b292e992-0611-4254-872f-af8275	Primary Tumor
296bec18-8766-44b8-88ef-addb87d04bba	7ad804b5-0e75-4562-99db-e6f508950c03.rna_seq.augmented_star_gene_counts.tsv	Transcriptome Profiling	Gene Expression Quantification	CPTAC-2	11BR020	94176301-9658-4151-9110-5139de	Primary Tumor
932caa50-1646-4213-b794-508f17299541	3b373822-d0bb-4268-ae0b-987fe54d3ada.rna_seq.augmented_star_gene_counts.tsv	Transcriptome Profiling	Gene Expression Quantification	CPTAC-2	18BR017	392b8aa4-9f99-4250-b693-326260	Primary Tumor
a5421ceb-cb63-4989-8f94-dfee9a8199c7	47eada17-b3f3-4b29-bce7-eaddfdf6f83d.rna_seq.augmented_star_gene_counts.tsv	Transcriptome Profiling	Gene Expression Quantification	CPTAC-2	20BR008	b87e7f88-a1f2-425a-8cff-8ae4b9	Primary Tumor
24f4d310-3e8f-4593-83e8-392115be70cc	be1d099f-2fda-4ef6-a990-9aeaaa301c0c.rna_seq.augmented_star_gene_counts.tsv	Transcriptome Profiling	Gene Expression Quantification	CPTAC-2	11BR019	8dd1d8be-dc7e-44f5-9f44-77ecf0	Primary Tumor
b3b8339c-7bad-4e3c-a52f-9fd6c4bc1bfb	6a3b82ee-c799-4118-ad51-ab6e2c16b986.rna_seq.augmented_star_gene_counts.tsv	Transcriptome Profiling	Gene Expression Quantification	CPTAC-2	11BR047	ef52c640-13a9-4855-9ce2-0be77a	Primary Tumor
815bcfc3-45cd-4f6d-abdf-31eb8503b0b9	89987a2a-c0d2-4397-86ef-18cd81252cf1.rna_seq.augmented_star_gene_counts.tsv	Transcriptome Profiling	Gene Expression Quantification	CPTAC-2	11BR051	d5187303-080a-4cec-b069-e06b6b	Primary Tumor
33bb71b2-8a1e-4f56-aab8-5ecd838f1a79	e5cb8bf0-c8b9-4672-b6c6-b94922c1c551.rna_seq.augmented_star_gene_counts.tsv	Transcriptome Profiling	Gene Expression Quantification	CPTAC-2	11BR027	413d7d87-7b86-4b76-af93-8e8136	Primary Tumor
80b94586-7f3f-4348-8765-ae336c14d53e	d5ede4e4-88e4-43f5-81ec-9b1d2abb79fa.rna_seq.augmented_star_gene_counts.tsv	Transcriptome Profiling	Gene Expression Quantification	CPTAC-2	05BR055	CPT000400	Primary Tumor
d91280bf-7bea-463f-9188-ff4c6427e434	f291af11-4376-45cb-b9ec-94447cd45462.rna_seq.augmented_star_gene_counts.tsv	Transcriptome Profiling	Gene Expression Quantification	CPTAC-2	20BR002	9462caa5-13e8-4997-a4f7-294f16	Primary Tumor
4e0da11e-3e31-480d-9d79-c5a8362be44a	87e3a9d0-69b6-4c3e-aa19-055c711e8b2e.rna_seq.augmented_star_gene_counts.tsv	Transcriptome Profiling	Gene Expression Quantification	CPTAC-2	01BR031	96c52a27-3d9a-49e7-8ae8-a71e7c	Primary Tumor
14bc81a1-9690-4b6a-8128-9142243ef6f0	ec65d05f-49b5-4ee2-add1-f7c9dd0f172f.rna_seq.augmented_star_gene_counts.tsv	Transcriptome Profiling	Gene Expression Quantification	CPTAC-2	11BR043	6d34d499-167e-42aa-9790-316fca	Primary Tumor
46eec1bd-d4df-47fd-bd33-49891360bb2e	b4a6158e-daee-4605-a16d-568b212c863b.rna_seq.augmented_star_gene_counts.tsv	Transcriptome Profiling	Gene Expression Quantification	CPTAC-2	03BR013	d0dd0347-9b0f-46fe-8d62-bf17f3	Primary Tumor
1c0f4e45-f494-4cd2-9a3e-3eedaa3eaf32	f258fc7d-a58b-4e40-827a-d1de0ccd426f.rna_seq.augmented_star_gene_counts.tsv	Transcriptome Profiling	Gene Expression Quantification	CPTAC-2	11BR004	f33d08f0-f15c-4f34-90ba-7cbe75	Primary Tumor
aa7cbf55-9ea8-45ba-b733-75cc93717372	b7b6b33b-5052-4538-8147-e82f69d03dda.rna_seq.augmented_star_gene_counts.tsv	Transcriptome Profiling	Gene Expression Quantification	CPTAC-2	01BR030	1f5a9aad-61a1-4a64-a9b0-38cd2b	Primary Tumor
7c1f75b0-13da-4b84-ae93-76b13d1984c1	07c3e0d9-bc39-49f7-afc6-4fc796059094.rna_seq.augmented_star_gene_counts.tsv	Transcriptome Profiling	Gene Expression Quantification	CPTAC-2	15BR003	433c2eb6-560f-4387-93af-6c2e1a	Primary Tumor
ddeff55b-9e50-48e2-ae6d-48f99a0f113d	46e728bd-1969-4434-bdeb-ab636e8ef9d4.rna_seq.augmented_star_gene_counts.tsv	Transcriptome Profiling	Gene Expression Quantification	CPTAC-2	01BR017	09659708-7747-4d59-a3b9-e221e0	Primary Tumor
1594467f-39b3-4e92-9bc9-37517b6aa85c	ab74001f-e870-4a5b-a2bf-5f032c5f762b.rna_seq.augmented_star_gene_counts.tsv	Transcriptome Profiling	Gene Expression Quantification	CPTAC-2	11BR010	436db08d-c316-44b5-b0de-62617d	Primary Tumor
f9cc9db3-9b47-4779-ac7a-8ba243ad1d92	cdb382c7-accc-4c2e-b0f7-790e9c90c4a0.rna_seq.augmented_star_gene_counts.tsv	Transcriptome Profiling	Gene Expression Quantification	CPTAC-2	01BR025	d6d42051-ad8e-4fb2-8cfc-829353	Primary Tumor
faffd3a8-ee5f-4ab4-96d8-cb19c008d195	226970b9-c4c7-4f6e-8718-918576ad1667.rna_seq.augmented_star_gene_counts.tsv	Transcriptome Profiling	Gene Expression Quantification	CPTAC-2	11BR032	314de592-f356-4801-8ace-278173	Primary Tumor
b6e85643-abac-4d08-8560-d65f5649ebad	4afc1523-7cc6-403d-bbb6-ed1fd0d38617.rna_seq.augmented_star_gene_counts.tsv	Transcriptome Profiling	Gene Expression Quantification	CPTAC-2	22BR006	cdcc4b54-fcf8-4667-a686-9abda4	Primary Tumor
edcdbbe4-faa0-44f5-8a1a-96a2d1271b20	8a58ad95-648a-43bd-8762-d92790d19e6a.rna_seq.augmented_star_gene_counts.tsv	Transcriptome Profiling	Gene Expression Quantification	CPTAC-2	03BR002	ca576d30-be91-4bf5-a31d-80f7eb	Primary Tumor
af701611-1c39-47cd-b2d1-dbc611fd6375	ee175ed9-d501-4fa7-97a9-3db3202aba89.rna_seq.augmented_star_gene_counts.tsv	Transcriptome Profiling	Gene Expression Quantification	CPTAC-2	14BR008	99df02e0-56b3-4b00-80b7-ea58ce	Primary Tumor
96782c26-a9b1-4a2d-9abf-fe43624dbf6b	97de0ec6-cb1d-447e-8b15-cef454727120.rna_seq.augmented_star_gene_counts.tsv	Transcriptome Profiling	Gene Expression Quantification	CPTAC-2	100003304	CPT000817	Primary Tumor
7d1af74d-6c8c-4ca3-b65b-7ce5efa342e1	5c4ddb03-6ff9-4fb7-8e73-daf7b3460ae2.rna_seq.augmented_star_gene_counts.tsv	Transcriptome Profiling	Gene Expression Quantification	CPTAC-2	11BR060	97cc4d46-cf80-41f1-b99c-bc4829	Primary Tumor
cd4281fb-7a27-490b-8de8-76b2a0307abe	fbb68717-aeaf-47be-8095-9347a076945c.rna_seq.augmented_star_gene_counts.tsv	Transcriptome Profiling	Gene Expression Quantification	CPTAC-2	11BR040	d7b05dce-4362-4e8f-a77a-07dd74	Primary Tumor
93956baa-47e0-451c-80da-5087738ea86b	c1e35a75-04f5-4347-a3e8-05dc03ce7c36.rna_seq.augmented_star_gene_counts.tsv	Transcriptome Profiling	Gene Expression Quantification	CPTAC-2	06BR006	3799eeb5-c966-4059-a78f-ace269	Primary Tumor
84b7e5f7-2184-4248-a9a1-c42ae14a6e09	8c7d243f-b9d3-4eaa-a339-435a25288160.rna_seq.augmented_star_gene_counts.tsv	Transcriptome Profiling	Gene Expression Quantification	CPTAC-2	11BR023	079b5600-6afc-4785-bb22-48cfab	Primary Tumor
470fd839-277d-4834-93e3-b29caccd24c6	dbd80d19-e9cc-4ae1-8f7a-8db159889721.rna_seq.augmented_star_gene_counts.tsv	Transcriptome Profiling	Gene Expression Quantification	CPTAC-2	01BR015	42cc89e1-a896-4f57-b8d9-e7fe56	Primary Tumor
4934582e-d8b4-485c-8fd5-40ef3e315033	748bc877-f3e7-4d78-afe8-6e90aaabc28a.rna_seq.augmented_star_gene_counts.tsv	Transcriptome Profiling	Gene Expression Quantification	CPTAC-2	01BR010	CPT008754	Primary Tumor
5f0277f4-ac08-4214-9b24-bd32b4ba44fc	8444e068-9f61-4d8b-b19a-0c6499c2d3e6.rna_seq.augmented_star_gene_counts.tsv	Transcriptome Profiling	Gene Expression Quantification	CPTAC-2	100004012	CPT000818	Primary Tumor
a75423f0-2651-48c4-815c-19d1539c1b4e	00d07640-e7a2-4cc3-978b-5d28ad7cd149.rna_seq.augmented_star_gene_counts.tsv	Transcriptome Profiling	Gene Expression Quantification	CPTAC-2	11BR055	4533a2d6-e850-43f3-9c44-621c07	Primary Tumor
f1f0a726-0597-4b69-812d-1b92148ec76e	5d509130-5ef6-4669-87c6-709dea47db8a.rna_seq.augmented_star_gene_counts.tsv	Transcriptome Profiling	Gene Expression Quantification	CPTAC-2	01BR043	c4015b28-269b-4dc4-8b2e-1b83f7	Primary Tumor
1cdf3f38-de4a-435b-8c74-1f3a82f7cfdd	156815c6-822f-4951-b1f6-71df641a5144.rna_seq.augmented_star_gene_counts.tsv	Transcriptome Profiling	Gene Expression Quantification	CPTAC-2	09BR007	6cb5d29a-9437-430d-b91c-57ee3d	Primary Tumor
6b191e3a-8a94-4174-80df-518f5200d2de	8a9ee89a-5d79-4910-abea-d47f3cc1fd1c.rna_seq.augmented_star_gene_counts.tsv	Transcriptome Profiling	Gene Expression Quantification	CPTAC-2	18BR007	1ae5772a-ba49-4c00-b890-7513d0	Primary Tumor
475cc411-a219-4c14-9df7-3fd757171396	7cce2f38-6568-426e-abe4-620faffc5d11.rna_seq.augmented_star_gene_counts.tsv	Transcriptome Profiling	Gene Expression Quantification	CPTAC-2	13BR009	878c2524-208e-40b2-8089-ceb820	Primary Tumor
69977d85-687b-4e1e-9372-87093dbf9a82	1064d0bb-3f75-431f-a3c0-8de652ee0fd5.rna_seq.augmented_star_gene_counts.tsv	Transcriptome Profiling	Gene Expression Quantification	CPTAC-2	11BR013	faadb553-9437-42cb-b469-498d67	Primary Tumor
cc264ac8-e3ea-489b-9b3c-d6ef5f55477d	4f3915c7-3a11-4e80-85c5-0ce06111c449.rna_seq.augmented_star_gene_counts.tsv	Transcriptome Profiling	Gene Expression Quantification	CPTAC-2	18BR006	bebb15ad-03f1-4773-b3d4-2f78e3	Primary Tumor
af4efee0-e872-448f-99d7-eeaa3d97b20d	63fff94a-41f1-414f-b152-78488e8e55f5.rna_seq.augmented_star_gene_counts.tsv	Transcriptome Profiling	Gene Expression Quantification	CPTAC-2	05BR051	CPT000415	Primary Tumor
b2a98363-4bc3-4bb0-808f-660a10c20211	3b79c61f-922f-4445-b28c-20eb392bff4f.rna_seq.augmented_star_gene_counts.tsv	Transcriptome Profiling	Gene Expression Quantification	CPTAC-2	03BR012	2d8514b6-c01a-4166-a0c1-bc7012	Primary Tumor
29caf4c3-d801-4515-b44b-d0fc0d832cf8	8c915fc6-b234-4806-ad93-b8fea6b339a8.rna_seq.augmented_star_gene_counts.tsv	Transcriptome Profiling	Gene Expression Quantification	CPTAC-2	05BR003	ffc76bfb-61f6-4492-a782-c23321	Primary Tumor
f379233b-3b0d-419c-9fca-e0b97e119774	cefdeeb4-6df4-42d9-af9d-b78a6cad1ad1.rna_seq.augmented_star_gene_counts.tsv	Transcriptome Profiling	Gene Expression Quantification	CPTAC-2	604	CPT000814	Primary Tumor
303387f6-5ad0-48d9-abf5-b773e82043f5	4485b752-4496-4c89-aed9-30f735a8e399.rna_seq.augmented_star_gene_counts.tsv	Transcriptome Profiling	Gene Expression Quantification	CPTAC-2	11BR014	ddc680ad-63cf-4807-b535-9ccc88	Primary Tumor
0efbd253-83c5-4818-94b9-4627f2a87450	7b1ab337-54a7-458a-9385-12e5a4fe9d02.rna_seq.augmented_star_gene_counts.tsv	Transcriptome Profiling	Gene Expression Quantification	CPTAC-2	09BR005	8dc13656-a9c0-4b99-b02d-650893	Primary Tumor
cac3eac8-912c-4ee6-aeb4-ded6bb266927	5dfee159-8121-4d47-b436-8fb5df60d636.rna_seq.augmented_star_gene_counts.tsv	Transcriptome Profiling	Gene Expression Quantification	CPTAC-2	05BR052	CPT000424	Primary Tumor
2c3d0ed8-afec-41e1-bb4c-269e23e1e972	e0339bc2-de5d-4a57-a317-7794a58db797.rna_seq.augmented_star_gene_counts.tsv	Transcriptome Profiling	Gene Expression Quantification	CPTAC-2	05BR031	4cab24a5-70d4-4364-a2be-da0d99	Primary Tumor
2a12c153-4d73-4fa8-80d5-9b4d98f2db3e	9051016e-8093-4fe6-9de6-ff0de96d92c7.rna_seq.augmented_star_gene_counts.tsv	Transcriptome Profiling	Gene Expression Quantification	CPTAC-2	11BR073	5d27516f-58d7-4155-80b4-4c7f39	Primary Tumor
0494644d-c6c9-4eb5-98d5-1d0a0ce8cc8c	e882af1f-724a-4500-897c-05026172cc46.rna_seq.augmented_star_gene_counts.tsv	Transcriptome Profiling	Gene Expression Quantification	CPTAC-2	01BR032	e5e1306b-719e-4c3e-b85b-fd1231	Primary Tumor
07316f8e-ad89-457a-b4ff-6b38f44b4cc6	146fbe72-a866-4973-9000-04c20db2fe4b.rna_seq.augmented_star_gene_counts.tsv	Transcriptome Profiling	Gene Expression Quantification	CPTAC-2	03BR006	CPT008756	Primary Tumor
08bf612a-c6d2-4e40-a4a9-084c728dd3e3	0bd1afd7-29ec-4a2e-b180-fe67d3b4d540.rna_seq.augmented_star_gene_counts.tsv	Transcriptome Profiling	Gene Expression Quantification	CPTAC-2	05BR044	d01714eb-22bf-4ad7-95d9-f95bdf	Primary Tumor
6498ec81-f47a-4451-82a2-fcf72f09102e	2b0fa473-e232-45dc-b43e-ff39eb5fd69f.rna_seq.augmented_star_gene_counts.tsv	Transcriptome Profiling	Gene Expression Quantification	CPTAC-2	11BR053	28be2eb2-1c1c-4799-b5af-e4b447	Primary Tumor
fca3c849-7b6b-4e45-ab66-eb68b18e036e	1620e539-6a3a-4f8f-a110-20c9cd68d31f.rna_seq.augmented_star_gene_counts.tsv	Transcriptome Profiling	Gene Expression Quantification	CPTAC-2	11BR044	75adceb5-eea5-4cb1-864e-876a8f	Primary Tumor
fba031ce-91bd-46bf-a7e4-4ef631552b54	7cb913f9-f6fe-4dbd-9651-435aaa1e37a5.rna_seq.augmented_star_gene_counts.tsv	Transcriptome Profiling	Gene Expression Quantification	CPTAC-2	18BR010	0bb9d596-774e-452b-9c89-a6643c	Primary Tumor
a7e3073b-43dd-40c0-9c17-844544319f3a	6e253781-2a49-4cae-9ce4-646003128843.rna_seq.augmented_star_gene_counts.tsv	Transcriptome Profiling	Gene Expression Quantification	CPTAC-2	11BR058	80a970f7-7b36-4450-aff8-0b55dc	Primary Tumor
f2c1c387-de09-405c-b004-7214be2d8eee	4c1cd8e1-befd-4323-9955-947fb79523a6.rna_seq.augmented_star_gene_counts.tsv	Transcriptome Profiling	Gene Expression Quantification	CPTAC-2	100002921	CPT000816	Primary Tumor
e62d499a-bdb5-41b8-9dcc-c602b7731129	b3f340aa-2d86-432e-bd2f-80dc6adf4fa9.rna_seq.augmented_star_gene_counts.tsv	Transcriptome Profiling	Gene Expression Quantification	CPTAC-2	11BR012	98225215-ff21-4893-8b6d-d9b7e7	Primary Tumor
7d85910a-2a02-4294-a3cf-944dcce47f13	e6d21bbb-a8ba-4a14-874e-56cf322b8fd6.rna_seq.augmented_star_gene_counts.tsv	Transcriptome Profiling	Gene Expression Quantification	CPTAC-2	01BR018	d154d194-2b08-46d4-a199-84cfb8	Primary Tumor
b198e8e7-0fee-404d-a5b5-ad6d9c471957	5a47c2eb-71e3-412d-bda1-09367a0be87e.rna_seq.augmented_star_gene_counts.tsv	Transcriptome Profiling	Gene Expression Quantification	CPTAC-2	11BR009	3324361b-df55-4e53-a2ef-4f8df2	Primary Tumor
faa55d86-3086-475d-a2a8-54f2b6e2a5d2	28e6062a-cad2-4341-9e22-3c3491d6e628.rna_seq.augmented_star_gene_counts.tsv	Transcriptome Profiling	Gene Expression Quantification	CPTAC-2	05BR043	6eaf19bf-dd93-4b0b-93c5-e2bca3	Primary Tumor
bdf4774d-119a-4a66-9888-dcd29b30c882	8b816257-7aee-40a4-a318-57d4c72571b6.rna_seq.augmented_star_gene_counts.tsv	Transcriptome Profiling	Gene Expression Quantification	CPTAC-2	09BR001	CPT008735	Primary Tumor
d3cde1e8-037c-4798-a163-ab083eb989d0	734bdfa0-5c38-4518-8e70-cd50ec6f8c92.rna_seq.augmented_star_gene_counts.tsv	Transcriptome Profiling	Gene Expression Quantification	CPTAC-2	01BR020	CPT008751	Primary Tumor
2443c4f4-5ca7-4941-b070-9327a12ecb3b	648c1be4-36fd-4980-b508-2fb2c9558c00.rna_seq.augmented_star_gene_counts.tsv	Transcriptome Profiling	Gene Expression Quantification	CPTAC-2	18BR003	436297af-feb7-4754-96b7-c5bfb5	Primary Tumor
3652d9fe-92b6-4fbc-890a-852dad0c3c8f	ac07242e-03e3-45cf-976a-da7882ea9659.rna_seq.augmented_star_gene_counts.tsv	Transcriptome Profiling	Gene Expression Quantification	CPTAC-2	06BR005	25db2586-55b0-4456-9bba-c24e06	Primary Tumor
83ea19be-4f97-40a4-9e6b-bc22faea0f5b	e9a37df0-f117-49d8-80df-9f3dead5753f.rna_seq.augmented_star_gene_counts.tsv	Transcriptome Profiling	Gene Expression Quantification	CPTAC-2	05BR038	b27211b5-7ee1-4e3a-af73-e227b1	Primary Tumor
adfaada2-a44a-46f5-bc3a-f34a00541a90	65d39d11-f7a9-4cda-93c7-f05830a49e5b.rna_seq.augmented_star_gene_counts.tsv	Transcriptome Profiling	Gene Expression Quantification	CPTAC-2	01BR044	CPT001846	Primary Tumor
0ec8cace-3afb-4e44-8f31-2f0f9d0f990f	41d6f903-5ac4-4481-aed9-fd141c7be021.rna_seq.augmented_star_gene_counts.tsv	Transcriptome Profiling	Gene Expression Quantification	CPTAC-2	20BR001	358296ad-e2a7-40cd-849e-8590fd	Primary Tumor
4f7e768a-61cb-45fb-8f1c-3c6204132e79	90e25e48-b679-4cd3-ad19-5983321ebd74.rna_seq.augmented_star_gene_counts.tsv	Transcriptome Profiling	Gene Expression Quantification	CPTAC-2	06BR014	b2d62dca-3741-4d59-92b8-bdcfed	Primary Tumor
fa55f410-873f-4086-8196-f84ff1b1a363	576fc8d6-4299-4f15-bf3a-5fa0bd85f93e.rna_seq.augmented_star_gene_counts.tsv	Transcriptome Profiling	Gene Expression Quantification	CPTAC-2	01BR027	1990853a-0e82-40b3-a025-91cdc1	Primary Tumor
13cc836e-8ab9-429f-bf42-50713a01fcec	75196f5b-e656-4fd0-b3cf-1c55089674e2.rna_seq.augmented_star_gene_counts.tsv	Transcriptome Profiling	Gene Expression Quantification	CPTAC-2	11BR025	8d7fc1ef-a0ac-44bb-8381-1444a0	Primary Tumor
5f763394-117a-4009-95e2-e75b1fabc2a0	8741e600-0b8a-49b8-b8ff-8da50864ace2.rna_seq.augmented_star_gene_counts.tsv	Transcriptome Profiling	Gene Expression Quantification	CPTAC-2	11BR036	45b99ac4-0859-4a3d-8b1e-ce5590	Primary Tumor
88bc0249-1c02-4f48-925a-e71e21e126c8	9d1bf404-3896-4532-b9bc-d91f7cbc1e00.rna_seq.augmented_star_gene_counts.tsv	Transcriptome Profiling	Gene Expression Quantification	CPTAC-2	01BR026	CPT008753	Primary Tumor
